latitude,longitude,elevation,utc_offset_seconds,timezone,timezone_abbreviation
13.800003,109.20001,1.0,25200,Asia/Bangkok,GMT+7

time,pm10 (μg/m³),pm2_5 (μg/m³),carbon_monoxide (μg/m³),nitrogen_dioxide (μg/m³),sulphur_dioxide (μg/m³),ozone (μg/m³),aerosol_optical_depth (),dust (μg/m³),uv_index (),uv_index_clear_sky ()
2026-07-27T00:00,12.5,11.0,250.0,6.0,3.1,40.0,0.18,2.0,0.00,0.00
2026-07-27T01:00,10.6,9.5,205.0,5.4,2.6,39.0,0.18,2.0,0.00,0.00
2026-07-27T02:00,8.9,7.9,187.0,4.8,2.3,39.0,0.18,2.0,0.00,0.00
2026-07-27T03:00,7.8,7.0,182.0,4.2,2.1,41.0,0.17,1.0,0.00,0.00
2026-07-27T04:00,7.1,6.4,180.0,3.7,2.0,44.0,0.16,1.0,0.00,0.00
2026-07-27T05:00,6.1,5.4,181.0,3.3,2.1,47.0,0.16,1.0,0.00,0.00
2026-07-27T06:00,5.3,4.8,186.0,3.0,2.3,50.0,0.16,1.0,0.15,0.20
2026-07-27T07:00,2.8,2.7,186.0,3.0,2.5,53.0,0.13,0.0,1.05,1.15
2026-07-27T08:00,2.9,2.8,177.0,2.7,2.5,60.0,0.13,0.0,2.95,3.35
2026-07-27T09:00,3.0,2.9,163.0,2.2,2.5,71.0,0.13,0.0,5.80,6.45
2026-07-27T10:00,3.5,3.3,153.0,1.9,2.4,79.0,0.12,0.0,8.55,9.55
2026-07-27T11:00,3.6,3.4,148.0,1.7,2.3,83.0,0.12,0.0,10.20,11.65
2026-07-27T12:00,3.9,3.8,147.0,1.7,2.1,85.0,0.12,0.0,9.85,11.95
2026-07-27T13:00,4.0,3.8,150.0,2.1,2.0,87.0,0.13,0.0,6.65,10.40
2026-07-27T14:00,4.8,4.7,150.0,3.2,2.1,91.0,0.13,0.0,5.45,7.60
2026-07-27T15:00,6.2,6.1,155.0,4.7,2.4,95.0,0.13,0.0,2.75,4.45
2026-07-27T16:00,10.1,9.0,189.0,5.8,2.6,97.0,0.12,0.0,1.20,1.85
2026-07-27T17:00,11.9,10.4,273.0,6.3,2.7,95.0,0.15,0.0,0.30,0.45
2026-07-27T18:00,11.4,9.7,386.0,6.4,2.8,91.0,0.14,1.0,0.00,0.00
2026-07-27T19:00,12.1,10.8,487.0,9.6,3.3,82.0,0.18,0.0,0.00,0.00
2026-07-27T20:00,8.4,7.8,578.0,9.3,3.5,74.0,0.15,0.0,0.00,0.00
2026-07-27T21:00,7.9,7.7,657.0,8.8,3.8,63.0,0.14,0.0,0.00,0.00
2026-07-27T22:00,8.5,8.4,678.0,8.1,3.8,53.0,0.15,0.0,0.00,0.00
2026-07-27T23:00,8.2,8.1,598.0,7.2,3.4,46.0,0.16,0.0,0.00,0.00
2026-07-28T00:00,7.0,6.8,460.0,6.1,2.9,39.0,0.16,0.0,0.00,0.00
2026-07-28T01:00,6.1,5.8,342.0,5.1,2.4,36.0,0.16,0.0,0.00,0.00
2026-07-28T02:00,5.6,5.2,270.0,4.4,2.1,36.0,0.16,0.0,0.00,0.00
2026-07-28T03:00,5.1,4.8,218.0,3.8,1.9,39.0,0.15,0.0,0.00,0.00
2026-07-28T04:00,4.4,4.1,186.0,3.4,1.8,43.0,0.14,0.0,0.00,0.00
2026-07-28T05:00,3.9,3.7,185.0,3.3,1.9,45.0,0.13,0.0,0.00,0.00
2026-07-28T06:00,3.7,3.5,205.0,3.3,2.1,48.0,0.13,0.0,0.15,0.20
2026-07-28T07:00,7.0,6.5,215.0,3.4,2.5,53.0,0.21,1.0,1.10,1.10
2026-07-28T08:00,5.4,4.9,200.0,3.0,2.4,63.0,0.20,1.0,3.20,3.25
2026-07-28T09:00,4.6,4.2,176.0,2.5,2.3,77.0,0.19,1.0,6.30,6.40
2026-07-28T10:00,5.4,5.0,156.0,2.2,2.2,90.0,0.19,1.0,9.40,9.50
2026-07-28T11:00,7.0,6.7,144.0,2.4,2.1,100.0,0.19,1.0,10.75,11.65
2026-07-28T12:00,10.1,9.3,137.0,2.8,2.1,109.0,0.20,0.0,9.15,11.95
2026-07-28T13:00,10.9,9.6,140.0,3.3,2.1,116.0,0.19,0.0,6.90,10.45
2026-07-28T14:00,11.8,10.0,157.0,3.8,2.1,123.0,0.18,0.0,5.40,7.70
2026-07-28T15:00,13.8,11.6,183.0,4.3,2.2,128.0,0.18,0.0,4.05,4.45
2026-07-28T16:00,15.2,12.9,212.0,5.1,2.4,128.0,0.18,0.0,1.65,1.85
2026-07-28T17:00,14.3,12.4,236.0,6.3,2.7,119.0,0.17,0.0,0.40,0.45
2026-07-28T18:00,13.2,11.6,263.0,7.8,3.1,103.0,0.16,0.0,0.00,0.00
2026-07-28T19:00,21.5,17.6,307.0,7.6,3.2,111.0,0.27,1.0,0.00,0.00
2026-07-28T20:00,12.7,10.8,393.0,7.1,3.3,98.0,0.24,1.0,0.00,0.00
2026-07-28T21:00,10.6,9.6,496.0,6.4,3.4,81.0,0.20,1.0,0.00,0.00
2026-07-28T22:00,10.1,9.3,552.0,5.9,3.4,65.0,0.19,1.0,0.00,0.00
2026-07-28T23:00,9.8,9.0,504.0,5.9,3.4,54.0,0.19,1.0,0.00,0.00
2026-07-29T00:00,9.3,8.5,408.0,6.1,3.3,45.0,0.19,1.0,0.00,0.00
2026-07-29T01:00,8.7,7.8,374.0,6.1,3.1,39.0,0.18,1.0,0.00,0.00
2026-07-29T02:00,8.0,7.0,478.0,5.9,2.8,37.0,0.16,1.0,0.00,0.00
2026-07-29T03:00,7.4,6.2,644.0,5.5,2.4,37.0,0.15,2.0,0.00,0.00
2026-07-29T04:00,6.9,5.7,745.0,5.1,2.2,39.0,0.15,2.0,0.00,0.00
2026-07-29T05:00,6.7,5.5,724.0,4.8,2.3,42.0,0.15,2.0,0.00,0.00
2026-07-29T06:00,6.7,5.6,639.0,4.5,2.6,46.0,0.15,2.0,0.15,0.20
2026-07-29T07:00,4.2,3.6,536.0,4.2,3.0,54.0,0.08,1.0,1.20,1.20
2026-07-29T08:00,3.8,3.3,410.0,3.5,2.8,64.0,0.08,1.0,3.45,3.45
2026-07-29T09:00,3.5,3.1,265.0,2.5,2.6,78.0,0.08,0.0,6.65,6.70
2026-07-29T10:00,3.4,3.3,165.0,1.8,2.4,91.0,0.09,0.0,9.70,9.90
2026-07-29T11:00,7.6,7.0,146.0,1.8,2.3,104.0,0.10,0.0,11.55,12.05
2026-07-29T12:00,8.8,7.9,172.0,2.1,2.3,116.0,0.10,0.0,11.35,12.40
2026-07-29T13:00,11.2,9.3,194.0,2.3,2.3,125.0,0.11,0.0,8.75,10.80
2026-07-29T14:00,13.1,10.5,186.0,2.3,2.2,130.0,0.12,0.0,5.30,7.85
2026-07-29T15:00,13.5,10.7,174.0,2.3,2.1,132.0,0.14,0.0,3.00,4.55
2026-07-29T16:00,14.1,10.7,186.0,2.4,2.1,130.0,0.16,0.0,1.25,1.85
2026-07-29T17:00,14.3,10.8,240.0,2.8,2.3,124.0,0.17,0.0,0.35,0.45
2026-07-29T18:00,15.0,11.2,318.0,3.5,2.6,114.0,0.19,1.0,0.00,0.00
2026-07-29T19:00,21.0,16.1,389.0,3.4,2.9,107.0,0.33,1.0,0.00,0.00
2026-07-29T20:00,19.6,15.1,453.0,4.0,3.1,101.0,0.32,1.0,0.00,0.00
2026-07-29T21:00,18.7,14.8,511.0,4.9,3.5,92.0,0.29,1.0,0.00,0.00
2026-07-29T22:00,18.5,14.8,537.0,5.7,3.8,85.0,0.25,1.0,0.00,0.00
2026-07-29T23:00,17.3,13.9,505.0,6.1,4.0,80.0,0.25,1.0,0.00,0.00
2026-07-30T00:00,17.7,14.4,442.0,6.4,4.2,77.0,0.27,1.0,0.00,0.00
2026-07-30T01:00,17.8,14.8,402.0,6.7,4.3,73.0,0.27,1.0,0.00,0.00
2026-07-30T02:00,17.7,15.2,417.0,7.0,4.4,67.0,0.27,1.0,0.00,0.00
2026-07-30T03:00,17.1,15.1,456.0,7.4,4.5,60.0,0.25,1.0,0.00,0.00
2026-07-30T04:00,14.8,14.2,475.0,7.7,4.6,56.0,0.23,1.0,0.00,0.00
2026-07-30T05:00,14.9,14.4,455.0,8.3,4.8,53.0,0.23,1.0,0.00,0.00
2026-07-30T06:00,17.1,16.7,416.0,8.8,5.1,53.0,0.22,1.0,0.15,0.15
2026-07-30T07:00,14.7,13.7,374.0,6.1,5.4,72.0,0.19,1.0,1.10,1.10
2026-07-30T08:00,12.9,12.1,328.0,5.0,5.2,85.0,0.19,1.0,2.90,3.20
2026-07-30T09:00,12.4,11.6,278.0,3.5,4.9,102.0,0.18,1.0,5.65,6.20
2026-07-30T10:00,12.3,11.4,242.0,2.4,4.6,118.0,0.19,1.0,8.35,9.20
2026-07-30T11:00,16.3,14.5,230.0,2.1,4.2,131.0,0.20,1.0,9.75,11.25
2026-07-30T12:00,18.9,15.8,230.0,2.2,3.8,142.0,0.22,1.0,8.75,11.50
2026-07-30T13:00,20.4,16.8,228.0,2.3,3.5,147.0,0.23,1.0,4.75,10.00
2026-07-30T14:00,19.6,16.0,202.0,2.2,3.2,144.0,0.21,1.0,5.25,7.35
2026-07-30T15:00,16.7,13.4,172.0,2.1,2.9,134.0,0.25,1.0,3.15,4.20
2026-07-30T16:00,17.5,13.9,187.0,2.4,2.9,125.0,0.29,1.0,1.05,1.70
2026-07-30T17:00,18.2,14.6,283.0,3.4,3.2,117.0,0.25,1.0,0.35,0.40
2026-07-30T18:00,19.3,15.8,422.0,4.8,3.7,109.0,0.25,1.0,0.00,0.00
2026-07-30T19:00,28.0,23.2,543.0,4.9,4.1,114.0,0.51,2.0,0.00,0.00
2026-07-30T20:00,27.4,23.1,623.0,5.5,4.4,107.0,0.48,2.0,0.00,0.00
2026-07-30T21:00,26.5,22.7,684.0,6.4,4.9,98.0,0.45,2.0,0.00,0.00
2026-07-30T22:00,25.4,22.1,729.0,7.0,5.2,89.0,0.44,2.0,0.00,0.00
2026-07-30T23:00,24.4,21.4,764.0,7.2,5.2,82.0,0.44,2.0,0.00,0.00
2026-07-31T00:00,22.9,20.8,782.0,7.2,5.0,76.0,0.44,2.0,0.00,0.00
2026-07-31T01:00,21.4,20.2,767.0,7.2,4.8,70.0,0.43,2.0,0.00,0.00
2026-07-31T02:00,20.8,19.8,694.0,7.4,4.6,62.0,0.39,2.0,0.00,0.00
2026-07-31T03:00,19.9,19.0,586.0,7.7,4.5,55.0,0.34,2.0,0.00,0.00
2026-07-31T04:00,18.9,18.0,501.0,7.9,4.4,50.0,0.31,2.0,0.00,0.00
2026-07-31T05:00,18.0,17.1,470.0,7.9,4.4,49.0,0.30,2.0,0.00,0.00
2026-07-31T06:00,17.6,16.6,461.0,7.8,4.6,51.0,0.30,2.0,0.15,0.15
2026-07-31T07:00,9.8,9.5,432.0,6.8,5.3,68.0,0.20,1.0,1.00,1.10
2026-07-31T08:00,9.3,8.6,353.0,5.6,5.6,86.0,0.19,1.0,2.40,3.15
2026-07-31T09:00,9.4,8.7,255.0,4.0,6.0,111.0,0.20,1.0,5.20,6.15
2026-07-31T10:00,9.7,9.0,188.0,2.8,6.0,130.0,0.20,1.0,7.95,9.10
2026-07-31T11:00,13.3,11.1,180.0,2.3,5.4,138.0,0.20,1.0,9.45,11.20
2026-07-31T12:00,16.1,13.0,203.0,2.2,4.5,141.0,0.22,1.0,8.95,11.50
2026-07-31T13:00,17.6,13.9,221.0,2.2,3.7,139.0,0.23,1.0,4.85,10.10
2026-07-31T14:00,16.8,13.2,209.0,2.1,3.1,131.0,0.20,1.0,5.00,7.45
2026-07-31T15:00,13.7,10.6,192.0,2.2,2.7,119.0,0.21,1.0,3.40,4.30
2026-07-31T16:00,11.6,9.1,211.0,2.6,2.5,107.0,0.20,1.0,0.95,1.80
2026-07-31T17:00,9.1,7.8,303.0,3.7,2.8,97.0,0.13,1.0,0.35,0.45
2026-07-31T18:00,7.9,7.5,432.0,5.2,3.3,88.0,0.13,0.0,0.00,0.00
2026-07-31T19:00,14.3,11.8,529.0,5.6,3.3,89.0,0.25,1.0,0.00,0.00
2026-07-31T20:00,13.0,11.4,571.0,6.0,3.4,78.0,0.24,1.0,0.00,0.00
2026-07-31T21:00,12.2,11.5,580.0,6.7,3.5,62.0,0.24,1.0,0.00,0.00
2026-07-31T22:00,12.8,12.0,557.0,7.1,3.6,49.0,0.22,1.0,0.00,0.00
2026-07-31T23:00,13.4,12.5,481.0,7.3,3.5,43.0,0.21,1.0,0.00,0.00
2026-08-01T00:00,13.5,12.6,373.0,7.3,3.3,40.0,0.21,2.0,0.00,0.00
2026-08-01T01:00,13.6,12.5,294.0,7.1,3.2,39.0,0.21,2.0,0.00,0.00
2026-08-01T02:00,13.4,12.1,272.0,6.5,3.1,39.0,0.21,2.0,0.00,0.00
2026-08-01T03:00,12.8,11.5,278.0,5.7,3.1,41.0,0.20,2.0,0.00,0.00
2026-08-01T04:00,11.6,10.5,288.0,5.0,3.1,44.0,0.20,2.0,0.00,0.00
2026-08-01T05:00,10.2,9.4,301.0,4.7,3.3,48.0,0.20,2.0,0.00,0.00
2026-08-01T06:00,9.1,8.5,317.0,4.6,3.6,53.0,0.20,1.0,0.15,0.15
2026-08-01T07:00,8.2,7.8,313.0,3.8,3.7,64.0,0.18,1.0,1.00,1.10
2026-08-01T08:00,8.1,7.5,266.0,3.3,3.6,72.0,0.17,1.0,3.00,3.25
2026-08-01T09:00,7.9,7.3,200.0,2.5,3.4,84.0,0.16,1.0,5.95,6.35
2026-08-01T10:00,8.7,8.1,157.0,2.0,3.3,97.0,0.15,1.0,8.40,9.50
2026-08-01T11:00,12.8,11.3,162.0,1.9,3.2,112.0,0.16,1.0,10.15,11.65
2026-08-01T12:00,18.0,14.5,192.0,2.0,3.0,129.0,0.17,0.0,10.15,12.00
2026-08-01T13:00,18.3,14.8,216.0,2.1,2.9,139.0,0.18,0.0,8.30,10.45
2026-08-01T14:00,17.8,14.3,212.0,2.2,2.6,140.0,0.19,0.0,4.45,7.55
2026-08-01T15:00,17.2,13.8,203.0,2.3,2.3,135.0,0.19,0.0,2.35,4.35
2026-08-01T16:00,17.2,13.7,229.0,2.7,2.3,129.0,0.19,0.0,1.35,1.80
2026-08-01T17:00,17.9,14.1,325.0,3.6,2.7,125.0,0.19,0.0,0.35,0.40
2026-08-01T18:00,18.1,14.5,456.0,4.7,3.5,121.0,0.17,0.0,0.00,0.00
2026-08-01T19:00,22.4,17.7,562.0,5.1,3.6,124.0,0.23,0.0,0.00,0.00
2026-08-01T20:00,22.6,18.0,632.0,5.4,3.9,121.0,0.22,0.0,0.00,0.00
2026-08-01T21:00,22.4,18.0,677.0,5.9,4.4,117.0,0.20,0.0,0.00,0.00
2026-08-01T22:00,22.0,18.1,672.0,6.4,4.7,109.0,0.19,0.0,0.00,0.00
2026-08-01T23:00,21.2,17.9,582.0,6.9,4.7,96.0,0.18,0.0,0.00,0.00
2026-08-02T00:00,17.3,15.9,442.0,7.5,4.6,80.0,0.17,0.0,0.00,0.00
2026-08-02T01:00,16.1,15.3,334.0,7.5,4.3,67.0,0.15,0.0,0.00,0.00
2026-08-02T02:00,13.5,12.9,294.0,6.7,3.9,57.0,0.15,0.0,0.00,0.00
2026-08-02T03:00,10.9,10.4,287.0,5.5,3.4,50.0,0.15,1.0,0.00,0.00
2026-08-02T04:00,8.8,8.3,284.0,4.4,3.0,47.0,0.14,1.0,0.00,0.00
2026-08-02T05:00,6.9,6.4,283.0,3.7,2.9,51.0,0.13,1.0,0.00,0.00
2026-08-02T06:00,5.8,5.3,287.0,3.1,2.8,59.0,0.12,0.0,0.15,0.15
2026-08-02T07:00,11.2,10.5,277.0,3.5,3.4,67.0,0.20,1.0,1.05,1.10
2026-08-02T08:00,8.4,7.9,237.0,2.9,3.2,72.0,0.18,1.0,3.10,3.25
2026-08-02T09:00,7.2,6.8,182.0,2.0,2.8,80.0,0.17,0.0,6.25,6.35
2026-08-02T10:00,7.5,6.9,143.0,1.5,2.6,90.0,0.17,0.0,8.95,9.40
2026-08-02T11:00,9.1,8.5,132.0,1.5,2.6,105.0,0.18,0.0,10.45,11.50
2026-08-02T12:00,13.5,11.9,137.0,1.9,2.6,122.0,0.18,0.0,10.80,11.80
2026-08-02T13:00,18.2,15.1,148.0,2.2,2.6,135.0,0.20,0.0,9.20,10.25
2026-08-02T14:00,20.0,16.5,166.0,2.4,2.4,140.0,0.21,0.0,6.05,7.45
2026-08-02T15:00,20.3,16.5,190.0,2.5,2.0,140.0,0.22,1.0,3.25,4.30
2026-08-02T16:00,20.5,16.5,211.0,2.8,1.9,137.0,0.23,1.0,1.40,1.75
2026-08-02T17:00,19.2,15.0,222.0,3.4,2.1,129.0,0.24,1.0,0.30,0.40
2026-08-02T18:00,18.0,14.0,229.0,4.1,2.5,118.0,0.23,1.0,0.00,0.00
2026-08-02T19:00,21.2,16.9,246.0,5.8,2.8,104.0,0.29,1.0,0.00,0.00
2026-08-02T20:00,21.9,17.9,284.0,6.7,3.2,97.0,0.27,1.0,0.00,0.00
2026-08-02T21:00,21.2,17.8,332.0,7.9,3.7,88.0,0.25,1.0,0.00,0.00
2026-08-02T22:00,20.3,17.5,363.0,8.6,3.9,77.0,0.24,1.0,0.00,0.00
2026-08-02T23:00,17.9,16.1,364.0,8.3,3.7,65.0,0.23,1.0,0.00,0.00
2026-08-03T00:00,16.5,15.1,350.0,7.5,3.2,52.0,0.23,2.0,0.00,0.00
2026-08-03T01:00,15.8,14.1,333.0,6.6,2.8,42.0,0.21,2.0,0.00,0.00
2026-08-03T02:00,16.1,13.2,321.0,5.5,2.6,37.0,0.19,2.0,0.00,0.00
2026-08-03T03:00,15.7,12.3,308.0,4.3,2.4,36.0,0.18,3.0,0.00,0.00
2026-08-03T04:00,15.3,11.8,288.0,3.4,2.4,38.0,0.18,3.0,0.00,0.00
2026-08-03T05:00,14.8,11.2,257.0,2.9,2.5,42.0,0.17,3.0,0.00,0.00
2026-08-03T06:00,14.7,11.1,221.0,2.7,2.7,50.0,0.17,3.0,0.15,0.15
2026-08-03T07:00,7.3,5.8,189.0,2.2,2.6,60.0,0.11,1.0,1.15,1.15
2026-08-03T08:00,7.1,5.7,166.0,2.0,2.6,68.0,0.11,1.0,3.40,3.45
2026-08-03T09:00,6.9,5.6,148.0,1.8,2.7,79.0,0.11,1.0,6.50,6.70
2026-08-03T10:00,6.7,5.7,137.0,1.8,2.7,91.0,0.11,1.0,9.30,10.00
2026-08-03T11:00,7.3,6.4,137.0,2.1,2.7,105.0,0.12,1.0,10.85,12.15
2026-08-03T12:00,10.8,9.4,144.0,2.5,2.7,119.0,0.13,1.0,10.65,12.45
2026-08-03T13:00,15.3,12.6,152.0,2.9,2.7,131.0,0.14,1.0,8.15,10.80
2026-08-03T14:00,20.0,15.9,152.0,3.1,2.6,139.0,0.15,1.0,6.10,7.85
2026-08-03T15:00,22.4,17.8,152.0,3.2,2.4,143.0,0.16,2.0,3.70,4.50
2026-08-03T16:00,22.1,17.4,170.0,3.7,2.4,144.0,0.20,2.0,1.25,1.85
2026-08-03T17:00,20.9,16.4,221.0,4.7,2.8,140.0,0.18,2.0,0.35,0.40
2026-08-03T18:00,20.4,16.2,291.0,6.1,3.3,133.0,0.16,2.0,0.00,0.00
2026-08-03T19:00,28.8,22.8,348.0,9.8,4.0,124.0,0.26,4.0,0.00,0.00
2026-08-03T20:00,29.6,24.0,376.0,11.8,4.4,110.0,0.26,4.0,0.00,0.00
2026-08-03T21:00,29.9,24.9,392.0,14.4,4.9,89.0,0.24,4.0,0.00,0.00
2026-08-03T22:00,28.8,24.6,419.0,15.9,5.1,70.0,0.23,5.0,0.00,0.00
2026-08-03T23:00,26.0,22.5,481.0,15.3,4.7,52.0,0.20,6.0,0.00,0.00
2026-08-04T00:00,23.9,19.7,552.0,13.6,4.1,35.0,0.19,7.0,0.00,0.00
2026-08-04T01:00,22.5,17.4,583.0,11.7,3.5,24.0,0.18,8.0,0.00,0.00
2026-08-04T02:00,20.0,14.5,541.0,9.8,3.2,21.0,0.17,8.0,0.00,0.00
2026-08-04T03:00,18.5,12.9,458.0,7.8,2.9,24.0,0.18,8.0,0.00,0.00
2026-08-04T04:00,17.3,11.8,376.0,6.1,2.8,29.0,0.18,8.0,0.00,0.00
2026-08-04T05:00,16.8,10.9,302.0,4.8,2.8,34.0,0.17,8.0,0.00,0.00
2026-08-04T06:00,16.9,11.1,229.0,3.8,2.8,41.0,0.17,8.0,0.10,0.15
2026-08-04T07:00,13.0,8.9,176.0,2.6,2.6,51.0,0.19,5.0,0.85,1.15
2026-08-04T08:00,14.1,9.9,153.0,2.3,2.7,61.0,0.19,5.0,3.00,3.35
2026-08-04T09:00,14.7,10.6,150.0,1.8,2.9,75.0,0.18,5.0,5.90,6.60
2026-08-04T10:00,13.4,10.0,152.0,1.5,2.9,86.0,0.19,4.0,8.65,9.90
2026-08-04T11:00,11.1,8.8,157.0,1.4,2.7,89.0,0.17,3.0,11.25,12.30
2026-08-04T12:00,9.6,8.1,168.0,1.5,2.5,88.0,0.16,2.0,12.05,12.80
2026-08-04T13:00,10.0,8.6,177.0,1.9,2.3,88.0,0.16,1.0,9.55,11.25
2026-08-04T14:00,10.9,9.4,178.0,2.7,2.2,92.0,0.16,1.0,6.30,8.25
2026-08-04T15:00,13.7,12.0,177.0,3.7,2.1,98.0,0.15,2.0,3.70,4.80
2026-08-04T16:00,17.3,14.3,181.0,4.6,2.2,101.0,0.16,2.0,1.25,1.95
2026-08-04T17:00,17.5,14.0,199.0,5.3,2.5,102.0,0.17,2.0,0.25,0.45
2026-08-04T18:00,15.5,12.7,223.0,5.9,2.9,100.0,0.17,1.0,0.00,0.00
2026-08-04T19:00,8.8,7.4,234.0,4.8,2.2,39.0,0.19,2.0,0.00,0.00
2026-08-04T20:00,7.9,6.6,222.0,4.4,2.2,39.0,0.18,2.0,0.00,0.00
2026-08-04T21:00,8.0,6.8,198.0,3.9,2.1,39.0,0.18,1.0,0.00,0.00
2026-08-04T22:00,7.4,6.4,176.0,3.4,2.0,39.0,0.18,1.0,0.00,0.00
2026-08-04T23:00,6.8,5.9,162.0,3.2,1.9,40.0,0.16,1.0,0.00,0.00
2026-08-05T00:00,6.0,5.3,151.0,3.0,1.8,42.0,0.15,1.0,0.00,0.00
2026-08-05T01:00,5.2,4.6,144.0,2.9,1.7,43.0,0.14,1.0,0.00,0.00
2026-08-05T02:00,4.6,4.1,139.0,2.8,1.6,44.0,0.15,1.0,0.00,0.00
2026-08-05T03:00,4.2,3.8,138.0,2.7,1.6,45.0,0.15,0.0,0.00,0.00
2026-08-05T04:00,3.7,3.4,142.0,2.7,1.6,46.0,0.13,0.0,0.00,0.00
2026-08-05T05:00,3.1,2.9,155.0,2.9,1.7,46.0,0.12,0.0,0.00,0.00
2026-08-05T06:00,2.8,2.7,172.0,3.1,1.8,45.0,0.12,0.0,0.10,0.15
2026-08-05T07:00,4.1,3.7,184.0,2.8,1.8,51.0,0.11,0.0,0.75,1.20
2026-08-05T08:00,4.2,3.9,181.0,2.6,1.8,55.0,0.11,0.0,1.85,3.50
2026-08-05T09:00,4.4,4.1,172.0,2.3,1.8,61.0,0.11,0.0,3.55,6.80
2026-08-05T10:00,5.0,4.7,171.0,2.1,1.8,66.0,0.13,0.0,2.55,10.10
2026-08-05T11:00,6.1,5.7,187.0,2.0,1.8,71.0,0.16,0.0,2.40,12.25
2026-08-05T12:00,8.6,7.9,212.0,1.9,1.9,75.0,0.17,1.0,3.75,12.50
2026-08-05T13:00,10.7,10.0,229.0,2.0,2.0,77.0,0.20,1.0,3.70,10.85
2026-08-05T14:00,12.5,11.8,223.0,2.3,2.1,76.0,0.21,1.0,2.75,7.90
2026-08-05T15:00,13.6,13.0,211.0,2.7,2.2,74.0,0.20,0.0,1.55,4.55
2026-08-05T16:00,14.5,13.8,223.0,3.2,2.3,71.0,0.18,0.0,0.55,1.90
2026-08-05T17:00,14.8,14.0,295.0,3.7,2.6,67.0,0.17,0.0,0.15,0.40
2026-08-05T18:00,14.5,13.7,392.0,4.3,2.9,62.0,0.16,0.0,0.00,0.00
2026-08-05T19:00,18.2,16.8,443.0,4.1,2.7,55.0,0.31,1.0,0.00,0.00
2026-08-05T20:00,23.7,21.2,406.0,3.8,2.7,55.0,0.35,1.0,0.00,0.00
2026-08-05T21:00,20.0,18.2,324.0,3.4,2.7,55.0,0.36,1.0,0.00,0.00
2026-08-05T22:00,18.2,16.8,254.0,3.0,2.6,57.0,0.37,1.0,0.00,0.00
2026-08-05T23:00,14.7,13.9,217.0,2.7,2.5,63.0,0.31,1.0,0.00,0.00
2026-08-06T00:00,10.2,9.8,192.0,2.5,2.4,71.0,0.25,0.0,0.00,0.00
2026-08-06T01:00,6.7,6.5,179.0,2.3,2.3,77.0,0.24,0.0,0.00,0.00
2026-08-06T02:00,5.8,5.7,180.0,2.3,2.3,81.0,0.24,0.0,0.00,0.00
2026-08-06T03:00,6.6,6.4,192.0,2.3,2.4,84.0,0.24,0.0,0.00,0.00
2026-08-06T04:00,7.3,7.1,204.0,2.4,2.6,85.0,0.24,0.0,0.00,0.00
2026-08-06T05:00,7.9,7.7,212.0,2.6,2.9,83.0,0.23,0.0,0.00,0.00
2026-08-06T06:00,8.8,8.5,220.0,2.9,3.3,78.0,0.21,0.0,0.10,0.15
2026-08-06T07:00,3.3,3.3,222.0,3.4,3.2,72.0,0.13,0.0,0.85,1.20
2026-08-06T08:00,3.2,3.2,211.0,2.9,3.2,77.0,0.13,0.0,2.45,3.50
2026-08-06T09:00,3.3,3.2,195.0,2.2,3.1,83.0,0.13,0.0,4.80,6.85
2026-08-06T10:00,3.6,3.5,187.0,1.7,3.0,88.0,0.11,0.0,8.65,10.20
2026-08-06T11:00,4.3,4.0,195.0,1.4,2.6,88.0,0.12,0.0,10.95,12.45
2026-08-06T12:00,5.0,4.6,213.0,1.3,2.1,86.0,0.12,0.0,10.50,12.80
2026-08-06T13:00,5.5,5.1,229.0,1.6,1.8,85.0,0.13,0.0,8.50,11.20
2026-08-06T14:00,6.3,5.8,244.0,2.4,1.9,86.0,0.12,0.0,6.60,8.15
2026-08-06T15:00,7.1,6.6,259.0,3.5,2.2,87.0,0.12,0.0,4.15,4.70
2026-08-06T16:00,9.2,8.6,266.0,4.9,2.5,90.0,0.13,0.0,1.70,1.90
2026-08-06T17:00,14.2,12.3,264.0,6.9,2.9,99.0,0.13,0.0,0.35,0.40
2026-08-06T18:00,17.2,14.5,254.0,9.0,3.3,109.0,0.13,0.0,0.00,0.00
2026-08-06T19:00,10.3,8.8,240.0,4.0,2.0,51.0,0.16,1.0,0.00,0.00
2026-08-06T20:00,8.5,7.1,218.0,3.8,2.0,50.0,0.14,1.0,0.00,0.00
2026-08-06T21:00,6.9,5.8,192.0,3.5,2.0,49.0,0.12,1.0,0.00,0.00
2026-08-06T22:00,5.6,4.8,172.0,3.2,2.0,48.0,0.11,1.0,0.00,0.00
2026-08-06T23:00,4.9,4.2,163.0,3.1,2.0,49.0,0.11,1.0,0.00,0.00
2026-08-07T00:00,4.4,3.8,161.0,3.0,2.0,50.0,0.11,1.0,0.00,0.00
2026-08-07T01:00,4.2,3.7,157.0,2.8,2.0,51.0,0.11,1.0,0.00,0.00
2026-08-07T02:00,3.3,2.9,147.0,2.5,1.8,50.0,0.11,1.0,0.00,0.00
2026-08-07T03:00,2.5,2.2,136.0,2.1,1.5,49.0,0.10,1.0,0.00,0.00
2026-08-07T04:00,3.2,2.5,132.0,1.9,1.4,48.0,0.11,1.0,0.00,0.00
2026-08-07T05:00,5.1,3.6,143.0,2.0,1.5,47.0,0.13,2.0,0.00,0.00
2026-08-07T06:00,7.2,4.8,162.0,2.3,1.8,46.0,0.14,3.0,0.15,0.15
2026-08-07T07:00,8.3,5.8,172.0,2.6,1.9,45.0,0.17,3.0,0.55,1.15
2026-08-07T08:00,9.8,6.6,166.0,2.4,2.1,50.0,0.15,3.0,1.45,3.45
2026-08-07T09:00,11.1,7.4,152.0,2.2,2.3,58.0,0.15,4.0,2.20,6.80
2026-08-07T10:00,10.8,7.6,141.0,2.0,2.4,64.0,0.14,4.0,4.80,10.20
2026-08-07T11:00,7.9,6.0,138.0,1.8,2.1,69.0,0.11,3.0,7.55,12.60
2026-08-07T12:00,5.6,4.5,139.0,1.6,1.7,74.0,0.10,2.0,8.80,13.05
2026-08-07T13:00,4.7,4.1,140.0,1.5,1.4,75.0,0.11,1.0,5.45,11.35
2026-08-07T14:00,4.5,3.8,141.0,1.6,1.4,72.0,0.10,1.0,2.50,8.25
2026-08-07T15:00,4.6,3.9,143.0,1.8,1.5,65.0,0.11,1.0,1.55,4.75
2026-08-07T16:00,4.8,4.0,147.0,2.2,1.6,60.0,0.11,1.0,1.00,1.95
2026-08-07T17:00,5.2,4.4,156.0,2.9,1.8,56.0,0.11,1.0,0.20,0.40
2026-08-07T18:00,5.5,4.8,168.0,3.7,2.1,54.0,0.12,1.0,0.00,0.00
2026-08-07T19:00,6.7,5.5,178.0,3.9,2.4,55.0,0.13,1.0,0.00,0.00
2026-08-07T20:00,7.1,5.8,185.0,3.6,2.3,55.0,0.12,1.0,0.00,0.00
2026-08-07T21:00,7.1,5.9,191.0,3.3,2.3,54.0,0.13,1.0,0.00,0.00
2026-08-07T22:00,6.9,5.9,192.0,3.0,2.2,55.0,0.13,1.0,0.00,0.00
2026-08-07T23:00,6.6,5.7,185.0,2.8,2.1,57.0,0.13,1.0,0.00,0.00
2026-08-08T00:00,6.4,5.5,173.0,2.7,2.1,60.0,0.14,1.0,0.00,0.00
2026-08-08T01:00,6.5,5.6,165.0,2.6,2.1,62.0,0.15,1.0,0.00,0.00
2026-08-08T02:00,7.8,6.5,162.0,2.5,2.2,63.0,0.15,1.0,0.00,0.00
2026-08-08T03:00,9.0,7.4,161.0,2.5,2.4,64.0,0.16,1.0,0.00,0.00
2026-08-08T04:00,9.1,7.5,167.0,2.6,2.6,64.0,0.15,1.0,0.00,0.00
2026-08-08T05:00,8.7,7.2,185.0,2.9,3.0,62.0,0.13,1.0,0.00,0.00
2026-08-08T06:00,8.6,7.1,208.0,3.4,3.4,58.0,0.13,1.0,0.10,0.15
2026-08-08T07:00,8.8,7.4,220.0,3.2,3.9,59.0,0.16,1.0,0.90,1.15
2026-08-08T08:00,9.8,7.8,209.0,2.8,3.6,61.0,0.16,1.0,1.85,3.35
2026-08-08T09:00,9.5,7.3,185.0,2.3,3.2,64.0,0.15,1.0,3.50,6.55
2026-08-08T10:00,7.8,6.0,167.0,1.9,2.8,66.0,0.12,1.0,3.50,9.90
2026-08-08T11:00,6.7,5.2,161.0,1.7,2.5,68.0,0.11,1.0,3.45,12.15
2026-08-08T12:00,6.0,4.6,160.0,1.6,2.1,70.0,0.11,1.0,4.90,12.60
2026-08-08T13:00,6.0,4.7,158.0,1.6,1.9,70.0,0.11,1.0,4.85,11.00
2026-08-08T14:00,5.7,4.5,153.0,1.7,1.7,69.0,0.11,1.0,3.55,8.00
2026-08-08T15:00,5.6,4.5,149.0,1.9,1.6,67.0,0.10,1.0,2.50,4.60
2026-08-08T16:00,5.5,4.5,147.0,2.1,1.6,64.0,0.10,1.0,0.90,1.85
2026-08-08T17:00,5.7,4.7,151.0,2.4,1.6,59.0,0.11,1.0,0.15,0.40
2026-08-08T18:00,5.5,4.7,158.0,2.7,1.6,53.0,0.12,1.0,0.00,0.00
2026-08-08T19:00,6.9,5.8,163.0,3.0,1.8,49.0,0.14,1.0,0.00,0.00
2026-08-08T20:00,6.4,5.4,166.0,3.0,1.9,49.0,0.15,1.0,0.00,0.00
2026-08-08T21:00,5.8,5.0,168.0,3.0,2.0,48.0,0.14,1.0,0.00,0.00
2026-08-08T22:00,5.0,4.5,166.0,2.9,2.0,48.0,0.13,1.0,0.00,0.00
2026-08-08T23:00,4.6,4.1,156.0,2.7,1.8,48.0,0.11,1.0,0.00,0.00
2026-08-09T00:00,3.7,3.3,143.0,2.5,1.6,49.0,0.11,0.0,0.00,0.00
2026-08-09T01:00,3.0,2.7,132.0,2.3,1.4,49.0,0.10,0.0,0.00,0.00
2026-08-09T02:00,2.6,2.3,126.0,2.1,1.3,49.0,0.09,0.0,0.00,0.00
2026-08-09T03:00,2.2,1.9,124.0,2.0,1.3,49.0,0.08,0.0,0.00,0.00
2026-08-09T04:00,1.9,1.7,126.0,2.0,1.3,49.0,0.09,0.0,0.00,0.00
2026-08-09T05:00,1.9,1.7,136.0,2.2,1.3,48.0,0.09,0.0,0.00,0.00
2026-08-09T06:00,2.1,1.9,151.0,2.4,1.4,46.0,0.10,0.0,0.05,0.15
2026-08-09T07:00,6.7,5.1,160.0,2.5,1.5,47.0,0.09,1.0,0.40,1.15
2026-08-09T08:00,5.5,4.4,158.0,2.3,1.5,49.0,0.09,1.0,1.25,3.40
2026-08-09T09:00,4.5,3.7,150.0,2.0,1.6,53.0,0.09,0.0,2.10,6.60
2026-08-09T10:00,3.5,3.0,142.0,1.7,1.6,56.0,0.10,0.0,3.70,9.80
2026-08-09T11:00,2.9,2.5,133.0,1.5,1.5,58.0,0.10,0.0,5.65,12.05
2026-08-09T12:00,2.4,2.1,124.0,1.3,1.4,60.0,0.11,0.0,7.15,12.50
2026-08-09T13:00,2.3,2.1,117.0,1.2,1.3,61.0,0.11,0.0,5.20,10.95
2026-08-09T14:00,2.4,2.1,116.0,1.2,1.2,60.0,0.10,0.0,3.30,8.00
2026-08-09T15:00,2.5,2.1,117.0,1.3,1.1,58.0,0.09,0.0,2.45,4.60
2026-08-09T16:00,2.3,2.0,120.0,1.5,1.1,56.0,0.08,0.0,1.15,1.90
2026-08-09T17:00,2.4,2.1,123.0,1.8,1.2,53.0,0.08,0.0,0.25,0.40
2026-08-09T18:00,2.5,2.2,128.0,2.2,1.4,49.0,0.09,0.0,0.00,0.00
2026-08-09T19:00,1.5,1.5,130.0,2.2,1.4,46.0,0.09,0.0,0.00,0.00
2026-08-09T20:00,1.7,1.7,129.0,2.3,1.5,45.0,0.09,0.0,0.00,0.00
2026-08-09T21:00,1.8,1.8,126.0,2.5,1.5,43.0,0.10,0.0,0.00,0.00
2026-08-09T22:00,1.8,1.8,123.0,2.5,1.5,43.0,0.11,0.0,0.00,0.00
2026-08-09T23:00,1.6,1.5,118.0,2.3,1.3,45.0,0.11,0.0,0.00,0.00
2026-08-10T00:00,1.3,1.2,113.0,1.9,0.9,48.0,0.12,0.0,0.00,0.00
2026-08-10T01:00,1.1,1.1,109.0,1.7,0.7,50.0,0.13,0.0,0.00,0.00
2026-08-10T02:00,1.0,1.0,107.0,1.7,0.7,49.0,0.12,0.0,0.00,0.00
2026-08-10T03:00,1.2,1.1,106.0,1.7,0.8,47.0,0.12,0.0,0.00,0.00
2026-08-10T04:00,1.3,1.2,108.0,1.8,0.9,45.0,0.12,0.0,0.00,0.00
2026-08-10T05:00,1.5,1.3,115.0,1.9,1.1,44.0,0.13,0.0,0.00,0.00
2026-08-10T06:00,1.6,1.4,124.0,2.0,1.3,43.0,0.13,0.0,0.10,0.15
2026-08-10T07:00,4.6,3.7,129.0,2.0,1.4,45.0,0.35,1.0,0.80,1.00
2026-08-10T08:00,4.8,4.0,126.0,1.8,1.4,51.0,0.28,1.0,2.40,3.05
2026-08-10T09:00,4.4,3.7,120.0,1.5,1.5,59.0,0.23,0.0,5.20,6.10
2026-08-10T10:00,3.5,3.0,115.0,1.3,1.5,65.0,0.20,0.0,7.70,9.20
2026-08-10T11:00,3.5,3.0,113.0,1.2,1.4,67.0,0.18,0.0,8.65,11.35
2026-08-10T12:00,3.4,3.0,113.0,1.1,1.3,68.0,0.16,1.0,8.30,11.75
2026-08-10T13:00,3.3,2.9,114.0,1.2,1.3,67.0,0.15,1.0,5.75,10.30
2026-08-10T14:00,3.8,3.3,118.0,1.6,1.3,66.0,0.14,1.0,3.45,7.50
2026-08-10T15:00,4.4,3.9,124.0,2.1,1.4,64.0,0.13,1.0,2.20,4.30
2026-08-10T16:00,4.7,4.2,129.0,2.6,1.5,61.0,0.13,1.0,1.00,1.75
2026-08-10T17:00,5.1,4.6,133.0,3.0,1.6,57.0,0.12,1.0,0.20,0.40
2026-08-10T18:00,5.9,5.3,137.0,3.4,1.6,52.0,0.13,1.0,0.00,0.00
2026-08-10T19:00,4.1,3.6,138.0,2.6,1.5,47.0,0.12,1.0,0.00,0.00
2026-08-10T20:00,4.5,3.9,136.0,2.7,1.5,45.0,0.12,1.0,0.00,0.00
2026-08-10T21:00,4.5,3.8,131.0,2.7,1.6,42.0,0.11,1.0,0.00,0.00
2026-08-10T22:00,4.3,3.6,127.0,2.7,1.6,41.0,0.11,1.0,0.00,0.00
2026-08-10T23:00,4.0,3.4,123.0,2.5,1.5,42.0,0.12,1.0,0.00,0.00
2026-08-11T00:00,3.5,3.0,119.0,2.3,1.3,44.0,0.12,0.0,0.00,0.00
2026-08-11T01:00,2.8,2.4,116.0,2.1,1.2,46.0,0.11,0.0,0.00,0.00
2026-08-11T02:00,2.2,1.9,113.0,2.0,1.1,46.0,0.11,0.0,0.00,0.00
2026-08-11T03:00,1.8,1.5,112.0,1.9,1.1,46.0,0.10,0.0,0.00,0.00
2026-08-11T04:00,1.6,1.5,113.0,1.9,1.2,45.0,0.09,0.0,0.00,0.00
2026-08-11T05:00,1.4,1.3,121.0,2.1,1.4,44.0,0.09,0.0,0.00,0.00
2026-08-11T06:00,1.5,1.4,132.0,2.5,1.7,43.0,0.10,0.0,0.10,0.15
2026-08-11T07:00,1.3,1.3,138.0,2.7,1.8,41.0,0.11,0.0,0.75,1.10
2026-08-11T08:00,1.6,1.5,133.0,2.3,1.8,48.0,0.10,0.0,2.25,3.35
2026-08-11T09:00,2.1,1.8,122.0,1.8,1.7,58.0,0.10,0.0,4.55,6.55
2026-08-11T10:00,2.4,2.1,114.0,1.4,1.6,65.0,0.10,0.0,8.20,9.75
2026-08-11T11:00,2.2,1.9,112.0,1.2,1.5,68.0,0.10,0.0,10.85,11.90
2026-08-11T12:00,2.2,2.0,114.0,1.2,1.4,70.0,0.10,0.0,11.15,12.25
2026-08-11T13:00,2.4,2.2,116.0,1.2,1.3,70.0,0.11,0.0,9.60,10.65
2026-08-11T14:00,2.6,2.3,119.0,1.3,1.3,70.0,0.11,0.0,6.85,7.75
2026-08-11T15:00,2.8,2.4,124.0,1.4,1.3,69.0,0.10,1.0,4.15,4.45
2026-08-11T16:00,3.3,2.7,129.0,1.7,1.3,66.0,0.09,1.0,1.75,1.85
2026-08-11T17:00,3.8,3.0,135.0,2.2,1.4,61.0,0.08,1.0,0.35,0.40
2026-08-11T18:00,4.0,3.2,142.0,2.9,1.6,54.0,0.08,1.0,0.00,0.00
2026-08-11T19:00,4.1,3.5,146.0,3.1,1.7,49.0,0.08,1.0,0.00,0.00
2026-08-11T20:00,4.3,3.7,144.0,3.3,1.8,47.0,0.08,1.0,0.00,0.00
2026-08-11T21:00,4.1,3.6,140.0,3.5,2.0,43.0,0.08,0.0,0.00,0.00
2026-08-11T22:00,3.9,3.6,134.0,3.5,2.0,41.0,0.07,0.0,0.00,0.00
2026-08-11T23:00,3.5,3.2,127.0,3.2,1.8,41.0,0.07,0.0,0.00,0.00
2026-08-12T00:00,2.9,2.6,120.0,2.8,1.6,42.0,0.07,0.0,0.00,0.00
2026-08-12T01:00,2.4,2.2,115.0,2.4,1.4,44.0,0.07,0.0,0.00,0.00
2026-08-12T02:00,2.0,1.8,114.0,2.2,1.3,46.0,0.07,0.0,0.00,0.00
2026-08-12T03:00,1.8,1.6,115.0,2.0,1.3,49.0,0.08,0.0,0.00,0.00
2026-08-12T04:00,1.8,1.6,119.0,1.9,1.3,51.0,0.08,0.0,0.00,0.00
2026-08-12T05:00,2.0,1.7,128.0,2.0,1.5,51.0,0.09,0.0,0.00,0.00
2026-08-12T06:00,2.0,1.8,140.0,2.3,1.7,51.0,0.08,0.0,0.15,0.15
2026-08-12T07:00,1.2,1.2,146.0,2.5,1.9,52.0,0.11,0.0,0.80,1.15
2026-08-12T08:00,1.6,1.6,140.0,2.2,1.9,59.0,0.09,0.0,2.40,3.40
2026-08-12T09:00,2.2,2.0,128.0,1.9,2.0,69.0,0.09,1.0,6.20,6.65
2026-08-12T10:00,3.0,2.7,119.0,1.6,2.0,77.0,0.10,1.0,9.20,9.85
2026-08-12T11:00,3.8,3.1,117.0,1.5,2.0,82.0,0.11,1.0,10.85,12.00
2026-08-12T12:00,4.5,3.6,117.0,1.4,2.0,85.0,0.11,1.0,11.40,12.25
2026-08-12T13:00,4.8,4.0,119.0,1.5,2.0,87.0,0.11,1.0,9.95,10.70
2026-08-12T14:00,5.1,4.3,121.0,1.7,2.0,87.0,0.11,1.0,7.25,7.75
2026-08-12T15:00,4.9,4.3,123.0,1.9,1.9,84.0,0.11,1.0,4.15,4.45
2026-08-12T16:00,4.9,4.4,127.0,2.2,1.9,80.0,0.11,1.0,1.65,1.80
2026-08-12T17:00,4.9,4.3,133.0,2.5,1.9,73.0,0.10,1.0,0.35,0.40
2026-08-12T18:00,4.8,4.2,141.0,2.8,1.9,64.0,0.09,1.0,0.00,0.00
2026-08-12T19:00,9.1,7.9,146.0,3.1,2.0,60.0,0.20,2.0,0.00,0.00
2026-08-12T20:00,9.3,7.8,147.0,3.2,2.1,57.0,0.20,2.0,0.00,0.00
2026-08-12T21:00,10.0,8.1,147.0,3.2,2.2,53.0,0.19,3.0,0.00,0.00
2026-08-12T22:00,10.1,8.1,144.0,3.2,2.2,50.0,0.19,3.0,0.00,0.00
2026-08-12T23:00,10.0,7.9,139.0,3.0,2.0,48.0,0.18,3.0,0.00,0.00
2026-08-13T00:00,8.9,7.1,132.0,2.6,1.8,47.0,0.17,2.0,0.00,0.00
2026-08-13T01:00,6.7,5.4,127.0,2.3,1.6,47.0,0.15,2.0,0.00,0.00
2026-08-13T02:00,5.3,4.2,124.0,2.1,1.5,48.0,0.15,2.0,0.00,0.00
2026-08-13T03:00,5.6,4.4,121.0,1.9,1.4,50.0,0.14,2.0,0.00,0.00
2026-08-13T04:00,6.1,4.7,123.0,1.8,1.4,52.0,0.14,2.0,0.00,0.00
2026-08-13T05:00,6.5,5.0,132.0,2.0,1.6,53.0,0.14,2.0,0.00,0.00
2026-08-13T06:00,6.5,5.0,144.0,2.3,1.9,55.0,0.14,1.0,0.15,0.15
2026-08-13T07:00,5.7,4.5,151.0,2.2,2.1,59.0,0.13,1.0,1.10,1.15
2026-08-13T08:00,6.2,4.9,146.0,2.0,2.1,68.0,0.13,1.0,3.15,3.40
2026-08-13T09:00,6.6,5.2,135.0,1.6,2.1,80.0,0.13,2.0,6.35,6.65
2026-08-13T10:00,6.9,5.4,126.0,1.4,2.1,88.0,0.13,2.0,9.65,9.90
2026-08-13T11:00,7.2,5.4,121.0,1.3,1.9,88.0,0.13,3.0,11.05,12.10
2026-08-13T12:00,7.9,5.8,117.0,1.2,1.7,84.0,0.14,3.0,11.95,12.45
2026-08-13T13:00,8.9,6.3,116.0,1.3,1.6,80.0,0.15,4.0,10.40,10.80
2026-08-13T14:00,9.4,6.5,119.0,1.4,1.6,79.0,0.16,4.0,7.35,7.80
2026-08-13T15:00,9.4,6.6,125.0,1.7,1.7,78.0,0.15,4.0,4.30,4.45
2026-08-13T16:00,9.9,7.1,133.0,2.5,1.8,75.0,0.15,4.0,1.75,1.80
2026-08-13T17:00,10.1,7.6,148.0,4.4,2.0,68.0,0.14,3.0,0.35,0.40
2026-08-13T18:00,10.9,8.6,165.0,6.8,2.3,59.0,0.14,3.0,0.00,0.00
2026-08-13T19:00,11.5,8.4,174.0,4.2,2.0,46.0,0.25,4.0,0.00,0.00
2026-08-13T20:00,11.1,8.1,167.0,3.9,2.0,44.0,0.24,3.0,0.00,0.00
2026-08-13T21:00,11.2,8.4,152.0,3.4,2.0,41.0,0.23,3.0,0.00,0.00
2026-08-13T22:00,11.4,8.8,138.0,3.0,2.0,40.0,0.23,2.0,0.00,0.00
2026-08-13T23:00,11.6,8.9,128.0,2.7,1.9,41.0,0.23,2.0,0.00,0.00
2026-08-14T00:00,11.5,8.7,118.0,2.6,1.8,42.0,0.22,2.0,0.00,0.00
2026-08-14T01:00,11.1,8.4,112.0,2.4,1.7,44.0,0.21,2.0,0.00,0.00
2026-08-14T02:00,10.1,7.6,110.0,2.2,1.6,45.0,0.20,2.0,0.00,0.00
2026-08-14T03:00,8.5,6.5,111.0,2.1,1.5,46.0,0.19,1.0,0.00,0.00
2026-08-14T04:00,7.3,5.6,114.0,2.0,1.4,47.0,0.18,1.0,0.00,0.00
2026-08-14T05:00,6.1,4.7,122.0,2.1,1.4,47.0,0.16,1.0,0.00,0.00
2026-08-14T06:00,5.1,3.9,132.0,2.2,1.6,47.0,0.16,1.0,0.15,0.15
2026-08-14T07:00,1.7,1.5,138.0,2.0,1.6,50.0,0.07,0.0,0.90,1.15
2026-08-14T08:00,2.1,1.8,138.0,1.9,1.8,58.0,0.07,0.0,2.45,3.45
2026-08-14T09:00,2.6,2.3,134.0,1.7,2.1,69.0,0.07,0.0,6.20,6.75
2026-08-14T10:00,3.0,2.7,130.0,1.5,2.2,78.0,0.07,0.0,9.30,10.05
2026-08-14T11:00,2.9,2.6,128.0,1.4,2.1,81.0,0.07,0.0,11.05,12.25
2026-08-14T12:00,3.1,2.8,126.0,1.3,1.9,82.0,0.08,1.0,10.45,12.60
2026-08-14T13:00,3.6,3.2,126.0,1.4,1.7,82.0,0.08,1.0,9.60,10.95
2026-08-14T14:00,4.0,3.5,127.0,1.8,1.7,81.0,0.09,1.0,7.00,7.90
2026-08-14T15:00,4.6,4.0,131.0,2.4,1.7,79.0,0.09,1.0,4.20,4.50
2026-08-14T16:00,5.6,5.0,138.0,3.3,1.9,79.0,0.09,1.0,1.65,1.80
2026-08-14T17:00,8.9,7.7,154.0,5.0,2.3,85.0,0.09,1.0,0.35,0.40
2026-08-14T18:00,13.9,11.6,175.0,7.0,2.8,92.0,0.10,1.0,0.00,0.00
2026-08-14T19:00,12.9,10.6,186.0,4.4,2.0,54.0,0.33,4.0,0.00,0.00
2026-08-14T20:00,12.6,10.2,181.0,3.9,1.9,52.0,0.34,3.0,0.00,0.00
2026-08-14T21:00,11.8,9.7,168.0,3.3,1.9,49.0,0.33,3.0,0.00,0.00
2026-08-14T22:00,10.9,9.0,155.0,2.8,1.8,47.0,0.30,2.0,0.00,0.00
2026-08-14T23:00,9.4,7.7,146.0,2.7,1.7,46.0,0.23,2.0,0.00,0.00
2026-08-15T00:00,8.0,6.5,137.0,2.7,1.7,46.0,0.20,1.0,0.00,0.00
2026-08-15T01:00,7.1,5.6,131.0,2.7,1.7,46.0,0.19,1.0,0.00,0.00
2026-08-15T02:00,6.2,4.9,128.0,2.6,1.7,47.0,0.17,1.0,0.00,0.00
2026-08-15T03:00,4.8,3.8,128.0,2.5,1.8,48.0,0.13,0.0,0.00,0.00
2026-08-15T04:00,3.0,2.6,130.0,2.4,1.9,49.0,0.10,0.0,0.00,0.00
2026-08-15T05:00,2.5,2.2,139.0,2.5,2.1,47.0,0.10,0.0,0.00,0.00
2026-08-15T06:00,2.9,2.4,150.0,2.6,2.3,44.0,0.10,0.0,0.15,0.15
2026-08-15T07:00,1.8,1.7,155.0,2.5,2.2,44.0,0.10,0.0,1.05,1.15
2026-08-15T08:00,2.5,2.3,147.0,2.2,2.2,51.0,0.12,0.0,2.90,3.50
2026-08-15T09:00,3.3,2.9,133.0,1.7,2.1,62.0,0.14,1.0,5.55,6.75
2026-08-15T10:00,4.6,3.7,122.0,1.4,2.0,70.0,0.16,1.0,8.35,10.00
2026-08-15T11:00,5.6,4.3,120.0,1.2,1.9,74.0,0.17,1.0,10.25,12.20
2026-08-15T12:00,6.6,5.0,121.0,1.2,1.7,76.0,0.19,2.0,10.65,12.50
2026-08-15T13:00,7.7,6.0,123.0,1.5,1.7,78.0,0.20,2.0,9.80,10.80
2026-08-15T14:00,9.1,7.2,124.0,2.3,1.9,82.0,0.21,2.0,6.95,7.75
2026-08-15T15:00,12.1,9.7,125.0,3.6,2.2,86.0,0.21,3.0,3.25,4.40
2026-08-15T16:00,13.3,11.3,127.0,5.1,2.5,89.0,0.20,3.0,1.50,1.75
2026-08-15T17:00,17.8,14.6,132.0,7.5,2.9,92.0,0.19,3.0,0.35,0.35
2026-08-15T18:00,20.4,16.6,137.0,10.2,3.2,94.0,0.22,2.0,0.00,0.00
2026-08-15T19:00,16.6,11.2,141.0,2.6,1.6,47.0,0.32,8.0,0.00,0.00
2026-08-15T20:00,15.8,10.9,142.0,2.5,1.6,47.0,0.35,7.0,0.00,0.00
2026-08-15T21:00,13.0,9.5,141.0,2.5,1.5,47.0,0.29,5.0,0.00,0.00
2026-08-15T22:00,9.3,7.3,139.0,2.4,1.5,47.0,0.23,3.0,0.00,0.00
2026-08-15T23:00,5.7,4.7,133.0,2.3,1.4,46.0,0.18,2.0,0.00,0.00
2026-08-16T00:00,3.6,3.0,126.0,2.3,1.4,44.0,0.13,1.0,0.00,0.00
2026-08-16T01:00,3.1,2.4,121.0,2.2,1.3,43.0,0.11,1.0,0.00,0.00
2026-08-16T02:00,3.3,2.5,119.0,2.1,1.2,42.0,0.12,1.0,0.00,0.00
2026-08-16T03:00,4.2,2.9,119.0,2.0,1.2,42.0,0.14,2.0,0.00,0.00
2026-08-16T04:00,5.2,3.4,122.0,2.0,1.3,42.0,0.15,2.0,0.00,0.00
2026-08-16T05:00,5.5,3.7,132.0,2.3,1.6,40.0,0.15,2.0,0.00,0.00
2026-08-16T06:00,5.6,3.8,146.0,2.7,2.0,39.0,0.16,2.0,0.05,0.15
2026-08-16T07:00,3.0,2.3,153.0,2.8,2.3,40.0,0.09,1.0,0.75,1.15
2026-08-16T08:00,2.7,2.1,147.0,2.4,2.2,47.0,0.09,1.0,1.90,3.50
2026-08-16T09:00,2.9,2.3,134.0,1.8,2.1,56.0,0.08,1.0,5.75,6.90
2026-08-16T10:00,2.9,2.4,124.0,1.3,2.0,64.0,0.08,1.0,9.40,10.25
2026-08-16T11:00,2.9,2.5,121.0,1.1,1.8,68.0,0.07,1.0,11.95,12.60
2026-08-16T12:00,3.5,2.9,121.0,1.0,1.6,70.0,0.08,2.0,11.70,12.90
2026-08-16T13:00,4.3,3.4,122.0,1.0,1.4,71.0,0.09,2.0,9.85,11.15
2026-08-16T14:00,5.4,4.1,123.0,1.2,1.4,70.0,0.12,2.0,6.60,7.95
2026-08-16T15:00,6.1,4.6,124.0,1.4,1.4,67.0,0.14,2.0,2.90,4.45
2026-08-16T16:00,6.0,4.7,126.0,1.7,1.4,63.0,0.13,2.0,1.10,1.75
2026-08-16T17:00,5.7,4.5,130.0,1.9,1.4,58.0,0.11,2.0,0.25,0.35
2026-08-16T18:00,5.4,4.4,135.0,2.1,1.5,52.0,0.11,2.0,0.00,0.00
2026-08-16T19:00,14.9,10.9,137.0,2.4,1.6,51.0,0.25,6.0,0.00,0.00
2026-08-16T20:00,14.8,11.1,133.0,2.3,1.6,49.0,0.25,5.0,0.00,0.00
2026-08-16T21:00,14.4,11.0,126.0,2.1,1.6,46.0,0.24,5.0,0.00,0.00
2026-08-16T22:00,13.4,10.4,121.0,2.0,1.6,44.0,0.24,4.0,0.00,0.00
2026-08-16T23:00,11.9,9.4,120.0,1.9,1.5,44.0,0.22,3.0,0.00,0.00
2026-08-17T00:00,10.2,8.1,121.0,1.7,1.3,45.0,0.20,3.0,0.00,0.00
2026-08-17T01:00,8.5,6.8,121.0,1.6,1.2,46.0,0.19,2.0,0.00,0.00
2026-08-17T02:00,6.9,5.6,120.0,1.6,1.2,48.0,0.18,2.0,0.00,0.00
2026-08-17T03:00,4.9,4.2,118.0,1.6,1.2,50.0,0.17,1.0,0.00,0.00
2026-08-17T04:00,3.4,2.9,119.0,1.6,1.3,51.0,0.16,1.0,0.00,0.00
2026-08-17T05:00,2.4,2.1,125.0,1.7,1.5,50.0,0.13,1.0,0.00,0.00
2026-08-17T06:00,2.0,1.8,134.0,1.8,1.7,49.0,0.12,0.0,0.15,0.15
2026-08-17T07:00,3.5,2.8,139.0,2.0,1.8,48.0,0.10,1.0,1.10,1.20
2026-08-17T08:00,3.8,3.0,136.0,1.8,1.7,53.0,0.11,1.0,2.80,3.50
2026-08-17T09:00,3.6,2.9,129.0,1.5,1.6,61.0,0.10,0.0,5.25,6.85
2026-08-17T10:00,2.6,2.3,124.0,1.3,1.5,67.0,0.10,0.0,7.45,10.25
2026-08-17T11:00,2.3,2.1,122.0,1.2,1.4,71.0,0.09,0.0,9.55,12.55
2026-08-17T12:00,2.2,2.0,123.0,1.2,1.4,73.0,0.08,0.0,8.70,12.95
2026-08-17T13:00,2.7,2.4,123.0,1.2,1.4,73.0,0.08,0.0,8.85,11.30
2026-08-17T14:00,3.0,2.6,123.0,1.3,1.4,71.0,0.10,0.0,5.95,8.10
2026-08-17T15:00,3.7,3.0,123.0,1.6,1.4,66.0,0.12,1.0,2.90,4.55
2026-08-17T16:00,5.0,3.8,126.0,1.9,1.4,61.0,0.13,1.0,1.10,1.75
2026-08-17T17:00,5.6,4.2,135.0,2.4,1.6,55.0,0.15,1.0,0.25,0.35
2026-08-17T18:00,5.6,4.4,146.0,3.1,1.8,49.0,0.15,1.0,0.00,0.00
2026-08-17T19:00,10.7,8.4,152.0,2.8,1.6,51.0,0.26,3.0,0.00,0.00
2026-08-17T20:00,9.5,7.5,149.0,2.8,1.6,47.0,0.26,2.0,0.00,0.00
2026-08-17T21:00,8.0,6.6,142.0,2.9,1.6,43.0,0.25,2.0,0.00,0.00
2026-08-17T22:00,7.0,5.8,135.0,2.9,1.6,39.0,0.24,1.0,0.00,0.00
2026-08-17T23:00,5.6,4.7,131.0,2.8,1.5,38.0,0.22,1.0,0.00,0.00
2026-08-18T00:00,4.2,3.6,127.0,2.7,1.5,38.0,0.20,0.0,0.00,0.00
2026-08-18T01:00,3.6,3.0,124.0,2.5,1.4,39.0,0.19,0.0,0.00,0.00
2026-08-18T02:00,3.4,2.8,121.0,2.2,1.3,41.0,0.17,0.0,0.00,0.00
2026-08-18T03:00,3.5,2.8,118.0,1.9,1.2,44.0,0.17,0.0,0.00,0.00
2026-08-18T04:00,3.5,2.8,119.0,1.8,1.2,46.0,0.17,0.0,0.00,0.00
2026-08-18T05:00,3.3,2.7,129.0,2.0,1.3,46.0,0.16,0.0,0.00,0.00
2026-08-18T06:00,3.3,2.8,143.0,2.2,1.5,46.0,0.16,0.0,0.15,0.15
2026-08-18T07:00,1.8,1.7,150.0,2.3,1.7,47.0,0.10,0.0,1.00,1.15
2026-08-18T08:00,2.1,2.0,143.0,2.0,1.7,53.0,0.10,0.0,2.80,3.40
2026-08-18T09:00,2.2,2.0,129.0,1.7,1.7,61.0,0.12,0.0,5.25,6.55
2026-08-18T10:00,2.0,1.9,119.0,1.4,1.7,68.0,0.12,0.0,7.55,9.70
2026-08-18T11:00,2.1,2.1,118.0,1.3,1.7,74.0,0.12,0.0,9.50,11.85
2026-08-18T12:00,2.0,1.9,122.0,1.2,1.6,80.0,0.13,0.0,9.20,12.10
2026-08-18T13:00,2.4,2.3,126.0,1.4,1.6,83.0,0.12,0.0,7.95,10.55
2026-08-18T14:00,3.2,2.9,128.0,1.9,1.7,81.0,0.13,0.0,5.70,7.55
2026-08-18T15:00,3.9,3.5,130.0,2.5,1.8,76.0,0.15,1.0,3.15,4.25
2026-08-18T16:00,4.9,4.4,134.0,3.1,1.9,70.0,0.15,1.0,1.35,1.70
2026-08-18T17:00,5.7,4.9,143.0,3.5,2.0,62.0,0.16,1.0,0.20,0.35
2026-08-18T18:00,6.1,5.0,154.0,3.8,2.1,53.0,0.15,1.0,0.00,0.00
2026-08-18T19:00,6.0,5.3,161.0,3.3,1.9,50.0,0.21,1.0,0.00,0.00
2026-08-18T20:00,4.0,3.7,163.0,3.2,1.8,49.0,0.19,1.0,0.00,0.00
2026-08-18T21:00,2.6,2.5,162.0,3.1,1.7,49.0,0.19,0.0,0.00,0.00
2026-08-18T22:00,2.3,2.1,158.0,2.9,1.5,48.0,0.20,0.0,0.00,0.00
2026-08-18T23:00,2.4,2.1,148.0,2.7,1.3,48.0,0.18,0.0,0.00,0.00
2026-08-19T00:00,2.3,1.9,136.0,2.5,1.1,48.0,0.15,1.0,0.00,0.00
2026-08-19T01:00,2.4,2.0,127.0,2.3,0.9,48.0,0.13,1.0,0.00,0.00
2026-08-19T02:00,2.7,2.2,125.0,2.3,0.8,47.0,0.10,1.0,0.00,0.00
2026-08-19T03:00,2.7,2.3,126.0,2.3,0.9,45.0,0.08,1.0,0.00,0.00
2026-08-19T04:00,2.8,2.4,132.0,2.4,1.0,44.0,0.08,1.0,0.00,0.00
2026-08-19T05:00,3.0,2.5,147.0,2.7,1.3,43.0,0.08,1.0,0.00,0.00
2026-08-19T06:00,2.8,2.4,165.0,3.0,1.8,41.0,0.08,0.0,0.10,0.15
2026-08-19T07:00,3.0,2.6,175.0,3.1,2.1,47.0,0.10,1.0,0.50,1.15
2026-08-19T08:00,2.9,2.6,167.0,3.3,2.3,46.0,0.09,1.0,1.50,3.40
2026-08-19T09:00,3.1,2.8,150.0,3.4,2.6,44.0,0.10,0.0,2.35,6.70
2026-08-19T10:00,2.9,2.6,137.0,3.4,2.8,45.0,0.11,0.0,3.30,9.95
2026-08-19T11:00,2.9,2.6,134.0,2.9,2.7,50.0,0.12,0.0,5.15,12.10
2026-08-19T12:00,2.9,2.7,136.0,2.1,2.4,58.0,0.13,0.0,7.60,12.40
2026-08-19T13:00,2.9,2.6,138.0,1.6,2.1,63.0,0.13,0.0,8.05,10.70
2026-08-19T14:00,2.8,2.5,138.0,1.5,1.8,65.0,0.13,0.0,6.35,7.65
2026-08-19T15:00,2.7,2.4,139.0,1.6,1.6,64.0,0.14,1.0,3.15,4.30
2026-08-19T16:00,3.5,2.9,139.0,1.8,1.4,62.0,0.15,1.0,1.30,1.65
2026-08-19T17:00,4.6,3.5,139.0,2.1,1.4,58.0,0.17,1.0,0.25,0.35
2026-08-19T18:00,5.9,4.1,139.0,2.4,1.5,52.0,0.20,2.0,0.00,0.00
2026-08-19T19:00,6.2,4.6,140.0,2.5,1.5,47.0,0.17,2.0,0.00,0.00
2026-08-19T20:00,5.0,4.1,143.0,2.6,1.5,46.0,0.16,2.0,0.00,0.00
2026-08-19T21:00,3.9,3.4,146.0,2.7,1.5,46.0,0.15,1.0,0.00,0.00
2026-08-19T22:00,3.0,2.6,146.0,2.8,1.5,45.0,0.15,1.0,0.00,0.00
2026-08-19T23:00,2.6,2.2,140.0,2.7,1.5,44.0,0.17,1.0,0.00,0.00
2026-08-20T00:00,2.8,2.2,130.0,2.5,1.5,44.0,0.19,1.0,0.00,0.00
2026-08-20T01:00,3.6,2.7,122.0,2.3,1.6,43.0,0.20,1.0,0.00,0.00
2026-08-20T02:00,4.8,3.4,117.0,2.3,1.7,43.0,0.19,1.0,0.00,0.00
2026-08-20T03:00,6.1,4.3,114.0,2.3,1.9,42.0,0.17,2.0,0.00,0.00
2026-08-20T04:00,7.2,5.0,115.0,2.4,2.1,42.0,0.15,2.0,0.00,0.00
2026-08-20T05:00,8.1,5.7,124.0,2.7,2.4,41.0,0.13,2.0,0.00,0.00
2026-08-20T06:00,7.7,5.5,138.0,3.2,2.7,39.0,0.12,1.0,0.10,0.15
2026-08-20T07:00,3.2,2.7,145.0,3.1,2.4,41.0,0.13,1.0,0.90,1.15
2026-08-20T08:00,3.6,3.0,140.0,2.5,2.2,48.0,0.12,1.0,2.75,3.45
2026-08-20T09:00,3.8,3.2,128.0,1.7,1.9,58.0,0.11,1.0,5.35,6.75
2026-08-20T10:00,3.2,2.7,119.0,1.1,1.6,65.0,0.09,1.0,8.95,10.10
2026-08-20T11:00,2.4,2.2,115.0,0.9,1.4,67.0,0.08,1.0,10.75,12.40
2026-08-20T12:00,2.6,2.2,114.0,0.9,1.4,67.0,0.08,1.0,11.05,12.75
2026-08-20T13:00,3.3,2.8,115.0,1.0,1.3,66.0,0.08,1.0,9.10,11.00
2026-08-20T14:00,3.8,3.1,117.0,1.2,1.3,65.0,0.08,1.0,6.60,7.90
2026-08-20T15:00,4.2,3.5,121.0,1.5,1.3,64.0,0.09,1.0,3.75,4.40
2026-08-20T16:00,4.6,3.9,128.0,1.9,1.4,63.0,0.10,1.0,1.40,1.70
2026-08-20T17:00,5.3,4.6,141.0,2.3,1.6,61.0,0.10,1.0,0.30,0.35
2026-08-20T18:00,5.5,4.7,156.0,2.7,1.8,59.0,0.10,0.0,0.00,0.00
2026-08-20T19:00,10.1,7.7,164.0,2.6,1.7,54.0,0.22,2.0,0.00,0.00
2026-08-20T20:00,8.6,6.9,158.0,2.5,1.7,54.0,0.15,1.0,0.00,0.00
2026-08-20T21:00,7.1,5.8,146.0,2.5,1.7,53.0,0.12,1.0,0.00,0.00
2026-08-20T22:00,5.0,4.2,134.0,2.4,1.7,52.0,0.10,0.0,0.00,0.00
2026-08-20T23:00,4.2,3.6,126.0,2.3,1.7,51.0,0.09,0.0,0.00,0.00
2026-08-21T00:00,4.1,3.3,120.0,2.2,1.6,50.0,0.09,0.0,0.00,0.00
2026-08-21T01:00,4.1,3.2,115.0,2.2,1.6,49.0,0.08,0.0,0.00,0.00
2026-08-21T02:00,3.9,3.1,112.0,2.3,1.7,47.0,0.08,0.0,0.00,0.00
2026-08-21T03:00,3.9,3.1,112.0,2.5,1.9,45.0,0.08,0.0,0.00,0.00
2026-08-21T04:00,3.8,3.0,115.0,2.7,2.1,43.0,0.08,0.0,0.00,0.00
2026-08-21T05:00,3.6,2.9,126.0,2.9,2.3,42.0,0.08,0.0,0.00,0.00
2026-08-21T06:00,3.7,3.0,140.0,3.0,2.4,41.0,0.09,0.0,0.10,0.15
2026-08-21T07:00,3.7,3.1,147.0,2.6,2.3,45.0,0.10,0.0,1.00,1.15
2026-08-21T08:00,4.0,3.3,140.0,2.2,2.2,53.0,0.10,0.0,2.45,3.50
2026-08-21T09:00,3.7,3.1,126.0,1.7,2.0,63.0,0.11,1.0,5.55,6.85
2026-08-21T10:00,3.8,3.2,115.0,1.3,1.9,71.0,0.10,1.0,9.35,10.25
2026-08-21T11:00,4.1,3.3,111.0,1.1,1.8,74.0,0.10,1.0,11.20,12.50
2026-08-21T12:00,4.1,3.4,109.0,1.0,1.6,75.0,0.09,1.0,11.70,12.85
2026-08-21T13:00,4.1,3.4,109.0,1.0,1.5,74.0,0.08,1.0,10.35,11.10
2026-08-21T14:00,4.6,3.8,109.0,1.2,1.4,73.0,0.09,1.0,7.50,7.90
2026-08-21T15:00,6.0,4.8,111.0,1.4,1.4,71.0,0.11,2.0,4.15,4.40
2026-08-21T16:00,7.3,5.7,118.0,1.7,1.4,68.0,0.11,2.0,1.65,1.70
2026-08-21T17:00,7.5,5.8,135.0,2.0,1.4,63.0,0.11,2.0,0.30,0.35
2026-08-21T18:00,7.2,5.6,157.0,2.3,1.5,56.0,0.11,1.0,0.00,0.00
2026-08-21T19:00,9.8,7.5,171.0,2.8,1.6,51.0,0.13,2.0,0.00,0.00
2026-08-21T20:00,8.5,6.7,169.0,2.7,1.6,50.0,0.13,2.0,0.00,0.00
2026-08-21T21:00,7.5,6.0,159.0,2.6,1.7,49.0,0.12,1.0,0.00,0.00
2026-08-21T22:00,6.7,5.5,150.0,2.5,1.7,49.0,0.12,1.0,0.00,0.00
2026-08-21T23:00,6.6,5.5,145.0,2.4,1.7,51.0,0.13,1.0,0.00,0.00
2026-08-22T00:00,6.3,5.3,141.0,2.2,1.8,54.0,0.13,0.0,0.00,0.00
2026-08-22T01:00,5.9,4.9,137.0,2.1,1.8,56.0,0.12,0.0,0.00,0.00
2026-08-22T02:00,6.1,5.0,132.0,2.1,1.8,55.0,0.12,0.0,0.00,0.00
2026-08-22T03:00,6.0,4.8,127.0,2.1,1.8,52.0,0.12,0.0,0.00,0.00
2026-08-22T04:00,5.2,4.1,126.0,2.2,1.9,49.0,0.11,0.0,0.00,0.00
2026-08-22T05:00,4.2,3.3,133.0,2.3,2.1,46.0,0.10,0.0,0.00,0.00
2026-08-22T06:00,3.8,3.0,143.0,2.4,2.2,43.0,0.09,0.0,0.15,0.15
2026-08-22T07:00,0.8,0.8,148.0,2.4,2.3,42.0,0.07,0.0,0.90,1.20
2026-08-22T08:00,1.3,1.2,141.0,2.1,2.1,50.0,0.08,0.0,2.90,3.55
2026-08-22T09:00,2.0,1.8,128.0,1.6,1.9,60.0,0.09,0.0,6.15,6.90
2026-08-22T10:00,2.8,2.3,118.0,1.2,1.7,68.0,0.09,0.0,9.30,10.30
2026-08-22T11:00,3.2,2.5,113.0,1.0,1.5,70.0,0.08,0.0,11.25,12.60
2026-08-22T12:00,2.8,2.4,110.0,1.0,1.3,68.0,0.08,0.0,11.45,12.95
2026-08-22T13:00,2.1,2.0,109.0,1.0,1.2,66.0,0.08,0.0,9.45,11.20
2026-08-22T14:00,2.5,2.3,109.0,1.1,1.1,63.0,0.09,0.0,6.60,8.00
2026-08-22T15:00,2.9,2.5,111.0,1.3,1.1,59.0,0.08,0.0,3.80,4.50
2026-08-22T16:00,3.3,2.9,113.0,1.6,1.1,55.0,0.07,0.0,1.45,1.75
2026-08-22T17:00,3.3,2.9,116.0,2.0,1.2,50.0,0.07,0.0,0.30,0.35
2026-08-22T18:00,3.3,2.9,121.0,2.4,1.3,45.0,0.07,0.0,0.00,0.00
2026-08-22T19:00,12.1,10.2,124.0,2.6,1.4,42.0,0.23,1.0,0.00,0.00
2026-08-22T20:00,10.5,9.1,127.0,2.5,1.4,42.0,0.19,1.0,0.00,0.00
2026-08-22T21:00,8.7,7.7,129.0,2.3,1.3,42.0,0.15,0.0,0.00,0.00
2026-08-22T22:00,6.7,6.0,128.0,2.2,1.3,42.0,0.12,0.0,0.00,0.00
2026-08-22T23:00,5.6,4.9,123.0,2.2,1.3,43.0,0.10,0.0,0.00,0.00
2026-08-23T00:00,4.9,4.3,114.0,2.2,1.3,44.0,0.10,0.0,0.00,0.00
2026-08-23T01:00,4.5,3.8,109.0,2.1,1.2,44.0,0.10,0.0,0.00,0.00
2026-08-23T02:00,4.5,3.7,108.0,1.9,1.1,44.0,0.10,0.0,0.00,0.00
2026-08-23T03:00,4.7,3.7,109.0,1.6,0.9,43.0,0.10,0.0,0.00,0.00
2026-08-23T04:00,5.1,3.9,113.0,1.4,0.8,42.0,0.10,0.0,0.00,0.00
2026-08-23T05:00,5.5,4.2,120.0,1.6,0.9,41.0,0.10,0.0,0.00,0.00
2026-08-23T06:00,5.5,4.3,130.0,1.9,1.1,41.0,0.10,0.0,0.05,0.15
2026-08-23T07:00,4.3,3.6,136.0,1.9,1.4,41.0,0.09,0.0,0.80,1.15
2026-08-23T08:00,5.4,4.5,137.0,1.7,1.4,47.0,0.09,0.0,2.50,3.50
2026-08-23T09:00,6.0,5.0,135.0,1.4,1.5,56.0,0.10,0.0,5.20,6.85
2026-08-23T10:00,6.7,5.6,132.0,1.1,1.5,63.0,0.10,0.0,8.40,10.15
2026-08-23T11:00,6.4,5.2,127.0,1.0,1.4,65.0,0.11,0.0,9.90,12.30
2026-08-23T12:00,6.0,4.9,120.0,0.9,1.3,66.0,0.11,0.0,9.80,12.60
2026-08-23T13:00,6.1,5.0,115.0,0.9,1.2,65.0,0.11,0.0,9.00,10.85
2026-08-23T14:00,6.3,5.2,114.0,1.0,1.2,65.0,0.12,0.0,6.55,7.75
2026-08-23T15:00,6.4,5.3,114.0,1.2,1.2,63.0,0.12,1.0,3.80,4.30
2026-08-23T16:00,6.7,5.5,116.0,1.4,1.2,61.0,0.13,1.0,1.50,1.65
2026-08-23T17:00,6.5,5.4,121.0,1.6,1.2,56.0,0.13,1.0,0.30,0.30
2026-08-23T18:00,6.2,5.1,127.0,1.8,1.3,50.0,0.13,1.0,0.00,0.00
2026-08-23T19:00,14.5,11.0,130.0,2.1,1.3,46.0,0.22,2.0,0.00,0.00
2026-08-23T20:00,13.7,10.3,126.0,2.1,1.3,44.0,0.21,2.0,0.00,0.00
2026-08-23T21:00,13.2,10.0,119.0,2.1,1.4,42.0,0.20,2.0,0.00,0.00
2026-08-23T22:00,12.3,9.2,113.0,2.0,1.4,41.0,0.18,2.0,0.00,0.00
2026-08-23T23:00,10.5,7.9,110.0,1.8,1.3,43.0,0.16,2.0,0.00,0.00
2026-08-24T00:00,8.2,6.3,109.0,1.6,1.1,46.0,0.14,1.0,0.00,0.00
2026-08-24T01:00,6.0,4.7,108.0,1.5,1.0,48.0,0.12,1.0,0.00,0.00
2026-08-24T02:00,4.5,3.7,107.0,1.5,1.0,50.0,0.11,1.0,0.00,0.00
2026-08-24T03:00,4.0,3.4,107.0,1.5,1.0,51.0,0.11,0.0,0.00,0.00
2026-08-24T04:00,3.8,3.3,109.0,1.6,1.1,51.0,0.11,0.0,0.00,0.00
2026-08-24T05:00,3.4,2.9,114.0,1.7,1.2,49.0,0.10,0.0,0.00,0.00
2026-08-24T06:00,3.0,2.6,121.0,1.7,1.3,47.0,0.10,0.0,0.10,0.15
2026-08-24T07:00,2.3,2.1,125.0,1.9,1.5,45.0,0.07,0.0,0.80,1.20
2026-08-24T08:00,3.1,2.7,125.0,1.7,1.5,51.0,0.07,0.0,2.50,3.55
2026-08-24T09:00,3.9,3.3,124.0,1.5,1.6,58.0,0.08,1.0,4.90,6.90
2026-08-24T10:00,4.5,3.6,122.0,1.3,1.6,64.0,0.09,1.0,8.20,10.20
2026-08-24T11:00,5.3,3.8,120.0,1.2,1.5,66.0,0.09,1.0,11.05,12.40
2026-08-24T12:00,6.0,4.1,119.0,1.1,1.4,66.0,0.10,2.0,11.25,12.75
2026-08-24T13:00,6.2,4.4,118.0,1.1,1.3,65.0,0.10,2.0,9.45,11.00
2026-08-24T14:00,5.4,4.1,118.0,1.2,1.2,63.0,0.10,2.0,6.30,7.85
2026-08-24T15:00,4.5,3.6,119.0,1.4,1.2,60.0,0.09,1.0,2.60,4.40
2026-08-24T16:00,4.1,3.3,122.0,1.7,1.2,56.0,0.09,1.0,1.30,1.70
2026-08-24T17:00,5.2,3.6,128.0,2.1,1.3,52.0,0.10,2.0,0.30,0.30
2026-08-24T18:00,6.7,4.5,136.0,2.5,1.5,48.0,0.11,2.0,0.00,0.00
2026-08-24T19:00,20.0,12.3,140.0,2.6,1.5,46.0,0.26,11.0,0.00,0.00
2026-08-24T20:00,19.4,12.4,138.0,2.5,1.5,45.0,0.25,9.0,0.00,0.00
2026-08-24T21:00,18.0,11.7,132.0,2.4,1.4,44.0,0.22,7.0,0.00,0.00
2026-08-24T22:00,13.7,9.3,127.0,2.3,1.4,44.0,0.19,5.0,0.00,0.00
2026-08-24T23:00,10.2,7.3,123.0,2.1,1.4,45.0,0.16,4.0,0.00,0.00
